{
    "loss": 2.8975412845611572,
    "accuracy": 0.5611510872840881
}